	first_position	last_position	conservation_nonbinery_H5	sasa_H5	conservation_nonbinery_Vie_N1	sasa_Vie_N1	conservation_nonbinery_H3	sasa_H3	conservation_nonbinery_N2	conservation_nonbinery_H1	sasa_H1	conservation_nonbinery_Cal_N1	sasa_Cal_N1
1	1	20	1.2444	0.3396931215472475	-0.0638000000000001		0.79945		-0.09439999999999996	1.0672	0.21222082595939218	-0.013699999999999912	
2	6	25	0.8775000000000001	0.1992093677578738	0.30865		1.2640999999999996	0.8242241852225997	0.21104999999999996	0.8187	0.10414773155362539	0.32855	
3	11	30	0.16224999999999995	0.33018191618516446	0.5485499999999999		1.0906999999999998	0.41039254080858323	0.36495	0.2354500000000001	0.2582654468547197	0.51995	
4	16	35	-0.5589500000000001	0.2815320047244546	0.5876		0.44745000000000007	0.26448564832440535	0.3976	-0.47135000000000005	0.24381406949106907	0.5746500000000001	
5	21	40	-0.53285	0.2889097049368191	0.5657		-0.0643	0.3285897150084363	0.41174999999999995	-0.5814999999999999	0.280911040126011	0.52095	
6	26	45	-0.5748	0.31897984779143457	0.8740500000000001		-0.60145	0.21897771691276408	1.0047000000000001	-0.64105	0.3066798196865324	0.9204000000000001	
7	31	50	-0.6294	0.2222976394579863	1.2438		-0.5489	0.26709342189893526	1.3603	-0.5938000000000001	0.2172496217816587	1.2579500000000001	
8	36	55	-0.4206499999999999	0.3161352720592683	1.5253		-0.5707500000000001	0.31475737156875094	1.6674000000000002	-0.48505000000000004	0.275328725675059	1.2994500000000002	
9	41	60	-0.30749999999999994	0.25737814833915096	1.8391499999999996		-0.5313	0.2288266325625148	1.3917499999999998	-0.4608499999999999	0.22911883620288873	1.0043000000000002	
10	46	65	0.10059999999999998	0.3202235327521346	2.0568999999999997	0.571791627863231	-0.29890000000000005	0.31707300133239136	0.8491	-0.03365000000000001	0.2934439937671322	0.6340999999999999	
11	51	70	0.29895	0.3230509615971831	1.6146999999999998	0.4392788617731661	-0.1193	0.2931392806609902	0.4576999999999999	0.0689	0.31019686352116854	0.32049999999999995	
12	56	75	0.08150000000000002	0.20024359084944182	1.3453	0.3888676538938958	0.1763	0.30640487395006233	0.39479999999999993	0.03530000000000001	0.24072826045896445	0.4696000000000001	
13	61	80	-0.050999999999999976	0.17278901914186562	0.6828999999999998	0.2868077551987945	0.26665	0.3241684056660859	0.94215	-0.04804999999999997	0.19671686203804511	1.0576	
14	66	85	-0.19215	0.13330641659740325	-0.11395000000000004	0.17772883152733035	0.17325000000000002	0.20254307876526423	1.4499	-0.3918	0.16377794214770702	1.5416	0.5973639297634807
15	71	90	0.14325	0.2115969904130619	-0.28215	0.09664864665962716	-0.12110000000000001	0.14697222526197684	1.4834	0.1013999999999999	0.2265216723494919	1.4985999999999997	0.47282345692450456
16	76	95	0.13249999999999995	0.22808430983936204	-0.32730000000000004	0.03509799489385414	-0.02720000000000001	0.15299857838039968	1.2347000000000004	0.21599999999999997	0.2394289299014439	1.3093999999999997	0.4007318628086995
17	81	100	0.23619999999999997	0.3104349514961714	-0.4514	0.047167243011626246	0.2021	0.18342603874904334	0.55645	0.26435	0.2791598509249356	0.6650000000000001	0.3028392297318999
18	86	105	0.3583	0.3313573526573361	-0.371	0.04849675991628328	0.02045000000000001	0.1841808064433023	-0.2495	0.5372999999999999	0.30390155672704067	-0.09765000000000001	0.17486713147057026
19	91	110	-0.12539999999999998	0.25318005333308674	-0.030250000000000027	0.12289684343701124	0.35039999999999993	0.29179516679338985	-0.4201	-0.00949999999999997	0.22525245030901986	-0.2585	0.09322307277605278
20	96	115	0.18564999999999998	0.2978898629177983	-0.20585	0.11037312667209094	0.02200000000000004	0.2584785074537712	-0.46365000000000006	0.22899999999999995	0.24845551670402344	-0.3323499999999999	0.06235152558921173
21	101	120	0.09530000000000001	0.2243799777352969	-0.23374999999999999	0.10220434313778173	-0.07049999999999994	0.24012261159824302	-0.5688500000000001	0.17885	0.22287836792582186	-0.46845	0.06572119637375937
22	106	125	-0.06494999999999995	0.17250590240741406	-0.17894999999999997	0.13171353968195681	0.04985000000000001	0.26552980073989235	-0.46455	0.030799999999999984	0.13885654819380194	-0.3684	0.06986109177504787
23	111	130	0.12625	0.19055645211498268	-0.5004	0.17269696290094663	-0.14429999999999998	0.1682391459179144	-0.15175	0.21094999999999997	0.1772181830839378	-0.04274999999999994	0.14225077965036365
24	116	135	0.09645000000000001	0.19348869095843788	-0.40630000000000005	0.23179508333932394	0.08645000000000001	0.14535462948738137	-0.2998	-0.03945	0.14290287444478572	-0.20594999999999994	0.10938576774242832
25	121	140	0.36765	0.3032204255467533	-0.4122	0.23087857645964407	0.3105	0.19423936209125772	-0.30820000000000003	0.29155	0.2269469584591449	-0.23490000000000005	0.15448393532488797
26	126	145	0.5980500000000001	0.3554676412770511	-0.36985000000000007	0.22477841017351463	0.5683	0.25676771299169976	-0.272	0.46625000000000005	0.30252740388424326	-0.18099999999999997	0.24361763971885092
27	131	150	0.53785	0.3551712919882939	-0.36585000000000006	0.10946353224345033	0.68165	0.32950007914599744	-0.5381999999999999	0.5230999999999999	0.32692544692892433	-0.4976000000000001	0.2782421712646815
28	136	155	0.7405	0.41143031024835236	-0.36754999999999993	0.08621316546749083	0.7152000000000001	0.3834300469852975	-0.4399499999999999	0.6996999999999998	0.3529682343705147	-0.40454999999999985	0.3949419919947392
29	141	160	0.6985500000000001	0.36341412619392705	-0.32320000000000004	0.08204152075017028	0.9126000000000001	0.4382186318933976	-0.44350000000000006	0.8464499999999999	0.41462589276713196	-0.40429999999999994	0.3547207310530248
30	146	165	0.5174000000000001	0.3064496002101317	-0.5292	0.057143071768840106	0.7785500000000001	0.37684718680052165	-0.4264	0.6510499999999999	0.3564592692800734	-0.39444999999999997	0.28783688458183576
31	151	170	0.70835	0.31783546745720687	-0.45439999999999997	0.08930798188357086	0.7323000000000001	0.29742853404273484	-0.47415	0.53205	0.2709890344782192	-0.3944000000000001	0.2216273296192906
32	156	175	0.65395	0.2950614275152717	-0.46499999999999997	0.053157896896805834	1.0215999999999998	0.3504107897766137	-0.5138499999999999	0.6738000000000001	0.3260283919449128	-0.39775	0.1768379122475159
33	161	180	0.6529	0.31264125048010943	-0.30025	0.1150386975238706	0.6620499999999998	0.2615070387571353	-0.51225	0.3982	0.26278198104239114	-0.37105	0.1898654452592014
34	166	185	0.8472500000000001	0.4037850656931636	-0.26215	0.11734260937143619	0.7508999999999999	0.3167843386337429	-0.6913	0.41900000000000004	0.34327051230909744	-0.5695000000000001	0.16355027463493907
35	171	190	0.63575	0.3474345379528341	-0.21839999999999998	0.14528537285612758	1.0025499999999998	0.43069088792892496	-0.5764	0.6391500000000001	0.40680203190551933	-0.52315	0.1524172391278541
36	176	195	0.2163499999999999	0.24700072681557783	-0.1783	0.17234344623789613	0.62345	0.31824909932318035	-0.5456000000000001	0.19254999999999994	0.28389118165811533	-0.5225999999999998	0.07934042350772309
37	181	200	0.14674999999999996	0.21670539726196228	-0.25465	0.17864285505628014	0.25875000000000015	0.23860825356793183	-0.3525	-0.03165000000000002	0.19378070376568685	-0.35925	0.17497135544235726
38	186	205	0.3234	0.20044072479638117	-0.09160000000000001	0.23793081283813314	0.33454999999999996	0.24819513359092998	-0.27935000000000004	0.29399999999999993	0.19472629411865883	-0.3186	0.2010933493636656
39	191	210	0.4027	0.2497440334517648	-0.34935	0.17587865521868268	0.26139999999999997	0.18931496332547967	-0.23520000000000002	0.25135	0.19370272419550266	-0.24990000000000007	0.24257342047521452
40	196	215	0.5697	0.3003075365638424	-0.4284	0.18588890002075814	0.46415000000000006	0.2742728226358115	-0.25625	0.4370000000000001	0.2994027408360308	-0.20485000000000003	0.3511307632987871
41	201	220	0.5005999999999998	0.2904350250521154	-0.4471000000000001	0.12658659235404793	0.5933	0.28082791578781674	-0.19065000000000001	0.4385	0.2910940145773151	-0.25800000000000006	0.3097726811579979
42	206	225	0.17775	0.2343501137295576	-0.6405000000000001	0.06507630929641081	0.35775000000000007	0.24669137565561763	-0.22074999999999995	0.20815	0.27191762249477014	-0.06375	0.3460103112968355
43	211	230	0.14220000000000005	0.22261766274864989	-0.28639999999999993	0.1708140995134274	0.34045000000000003	0.2439189510906791	-0.4708499999999999	0.13405000000000003	0.257153820073762	-0.32130000000000003	0.2710394513614323
44	216	235	0.14225000000000004	0.26239362189689486	-0.15424999999999994	0.15228192578673502	0.13945	0.18753094013463847	-0.49345	0.004199999999999993	0.1984252172092092	-0.42049999999999993	0.192906918771624
45	221	240	0.09990000000000003	0.2882845007365566	0.03965000000000002	0.20248136467535796	0.1763	0.24724716856244155	-0.6205999999999999	0.19774999999999995	0.3091010443948951	-0.43065	0.12351744542431722
46	226	245	-0.029950000000000022	0.25263808211483657	0.3	0.285041651789689	0.13204999999999997	0.22385525753631744	-0.6678499999999999	0.17809999999999998	0.25042474197378534	-0.65045	0.06287800706302697
47	231	250	-0.07455	0.23835354328075176	0.40085000000000004	0.2701360902085963	-0.0975	0.17806404260169326	-0.38664999999999977	-0.0055	0.20997995872534606	-0.30019999999999997	0.1671772745649358
48	236	255	-0.14679999999999999	0.22274699084244376	0.29005000000000003	0.32110393903777185	-0.0892	0.18190331726913622	-0.19709999999999997	0.09269999999999996	0.24689178746610888	-0.18075000000000002	0.14956030117407326
49	241	260	-0.09500000000000001	0.17170972785858413	-0.03189999999999994	0.27027642497302895	-0.0064999999999999945	0.15501129068675876	-0.14015000000000002	0.03409999999999999	0.16620001910040247	-0.017100000000000025	0.1958185236027363
50	246	265	-0.16865000000000002	0.15638542304034736	-0.05674999999999997	0.22096032978937913	-0.09475	0.12052675316133736	0.23474999999999996	-0.12669999999999998	0.1465384611177803	0.24139999999999998	0.2752759524810225
51	251	270	-0.17769999999999997	0.12513300239334604	-0.1221999999999999	0.15757052915694628	-0.21774999999999997	0.10168385204227615	0.33314999999999995	-0.06924999999999996	0.14561991857421347	0.36114999999999997	0.2648904456753171
52	256	275	0.09000000000000002	0.12467442385907437	-0.1931	0.09545358097818848	-0.15975	0.08129537219531437	0.17749999999999994	-0.05900000000000002	0.0879923782713609	0.26435000000000003	0.3228616174409376
53	261	280	0.1122	0.13643491383296202	-0.1577	0.10543977844138366	0.1604000000000001	0.17673631540080886	-0.009099999999999992	0.14695	0.1639618783766982	-0.05130000000000001	0.27794025581363213
54	266	285	0.42090000000000005	0.20780341842360772	-0.15679999999999997	0.08307186834219088	0.35300000000000004	0.19978250462785432	0.01980000000000003	0.3237500000000001	0.1981343817446725	-0.0749	0.22575699669774085
55	271	290	0.7438	0.30569988472078935	-0.20655	0.10064936377114382	0.8377000000000001	0.28984043214625754	-0.04379999999999996	0.6940500000000001	0.30138813208128445	-0.15655000000000005	0.1680585238951754
56	276	295	0.5689999999999998	0.2943139525029391	0.07265000000000002	0.1908312910579924	0.93675	0.3915377627819805	-0.16460000000000002	0.7407999999999999	0.38470973015770193	-0.23295000000000005	0.10653951345563775
57	281	300	0.6592499999999999	0.2827096088980535	0.09349999999999996	0.17246061879400112	0.53215	0.2793173187144326	-0.16570000000000001	0.5982	0.30654373540125857	-0.19204999999999997	0.11619471229737288
58	286	305	0.5162500000000001	0.3191840737193762	-0.06235000000000004	0.16310436275330037	0.5649500000000001	0.2956855008020349	-0.29745	0.4888000000000002	0.32123214375172315	-0.20555000000000004	0.09874947634211892
59	291	310	0.12820000000000004	0.2256081883527405	-0.2136	0.18855530065614243	0.3695	0.27310832883600705	-0.27245	0.1759	0.2407388076473612	-0.2724500000000001	0.11473021003815873
60	296	315	0.08964999999999998	0.20913483517393697	-0.16345000000000004	0.19842322935940848	0.13785000000000003	0.19096325066656347	0.07830000000000001	0.06435	0.19863501851680532	0.02689999999999997	0.20400581723863503
61	301	320	-0.148	0.2177995028812878	0.037750000000000034	0.28945046412623154	0.21304999999999996	0.2000294209591001	0.11765000000000003	-0.09344999999999999	0.19441504626735975	0.05024999999999998	0.18528375609785824
62	306	325	-0.21629999999999994	0.20280403343432046	0.22355	0.3638878812909851	-0.06485000000000002	0.17036015513443883	-0.020350000000000024	-0.1261	0.18718162716776798	-0.10280000000000003	0.17486071970519124
63	311	330	-0.23390000000000005	0.21679849067887885	0.09784999999999999	0.28935438607418523	-0.09670000000000001	0.19856274331187831	-0.17980000000000002	-0.13895	0.23519611489425246	-0.23035	0.18443971899515124
64	316	335	-0.4906499999999999	0.1919194206659019	0.12100000000000002	0.26756328677893637	-0.2082	0.17854719734716756	-0.11565000000000003	-0.3383999999999999	0.17361114923582582	-0.16655	0.19375077202873708
65	321	340	-0.22849999999999993	0.30000439696256875	-0.01945000000000001	0.17685115404343402	-0.4091499999999999	0.194227891450582	0.16765	-0.31745000000000007	0.2607241645431198	0.044099999999999986	0.2765616695109291
66	326	345	-0.30844999999999995	0.2635997467763846	-0.1497	0.1311856197357759	-0.11549999999999998	0.27491538002719645	0.29015	-0.2579	0.3118385886480442	0.2518999999999999	0.3588688682336689
67	331	350	-0.47420000000000007	0.26778952156131997	0.04699999999999997	0.19119399318302627	-0.47120000000000006	0.20526634121681636	0.35750000000000004	-0.5024	0.21948443278216845	0.12545	0.2922047840014167
68	336	355	-0.4488500000000001	0.3537647239073288	-0.1679	0.11523566932598601	-0.5921999999999998	0.2427101702181933	0.06480000000000005	-0.58235	0.3375698203927813	0.12469999999999999	0.26922672822142724
69	341	360	-0.6981499999999999	0.30733940022867007	-0.04324999999999999	0.16121955664438475	-0.6773	0.2767047019382881	0.08110000000000003	-0.6745	0.29612349743953975	-0.02639999999999999	0.18386025627467933
70	346	365	-0.7482	0.28983422709396295	0.15639999999999996	0.23152615962510176	-0.9283999999999999	0.28277582399069895	-0.14189999999999997	-0.678	0.2814238482088959	-0.1658	0.13471123759253456
71	351	370	-0.72395	0.3000675213492551	0.43955	0.2943696013427319	-0.9330999999999999	0.2697983245282074	-0.01655	-0.7128	0.28049968135644016	0.04339999999999999	0.1960430580963246
72	356	375	-0.6889000000000001	0.3431251139566675	0.4871999999999999	0.320410439238731	-0.83815	0.3110609912412651	-0.04629999999999998	-0.6336	0.30738922087758047	-0.1809	0.12078080022543394
73	361	380	-0.72855	0.3315185845906107	0.5864999999999998	0.37353171484903985	-0.8064500000000001	0.32865067687477534	-0.13119999999999998	-0.6920000000000001	0.31902693879519994	-0.04730000000000001	0.16543860970142232
74	366	385	-0.7163999999999999	0.3962132613219894	0.2597999999999999	0.27511222700720894	-0.7978000000000002	0.30763143909823304	0.23985000000000004	-0.7659	0.32494629066568714	0.17725	0.21689274169059886
75	371	390	-0.5965999999999999	0.3949684182473827	-0.0617	0.16332835094249548	-0.6548499999999999	0.3397149787107476	0.2177	-0.5643999999999999	0.41289527101819096	0.4593	0.2823991430580171
76	376	395	-0.62975	0.32741748201921955	0.07405000000000002	0.22336186392386387	-0.5529000000000001	0.3220829698797326	0.4919999999999999	-0.5125	0.331815201293686	0.5132	0.30681234621358233
77	381	400	-0.5267000000000001	0.27444739571425913	-0.03545000000000001	0.17576319515869337	-0.52305	0.28371718618131353	0.491	-0.47285000000000005	0.28026343593365877	0.60775	0.36447486755554126
78	386	405	-0.4524000000000001	0.2350362169090267	-0.06809999999999998	0.16829189059087013	-0.5344	0.3027462115995353	0.41335	-0.37515	0.2728268322936653	0.26685000000000014	0.2777880898607337
79	391	410	-0.38470000000000004	0.25087582556643595	-0.22284999999999994	0.1833835358675673	-0.5077499999999999	0.3127937557236403	0.1377999999999999	-0.42840000000000006	0.21364070961417755	-0.07145000000000001	0.16597815517610276
80	396	415	-0.30294999999999994	0.27972451166717127	-0.2576	0.2200813700854552	-0.51845	0.3015359697385818	0.1425	-0.34509999999999996	0.22362775177982191	0.06969999999999998	0.22950616176474656
81	401	420	-0.21879999999999997	0.278706757268999	-0.4393000000000001	0.19228859047602362	-0.3383500000000001	0.3402929791695754	0.14869999999999997	-0.19835	0.25944635784370845	-0.03484999999999999	0.18172484917064904
82	406	425	-0.12490000000000001	0.24122348531705368	-0.36280000000000007	0.19443473890695784	-0.33014999999999994	0.2658739096510619	-0.14085	-0.1906	0.21567074256020188	-0.07105000000000002	0.17627531602260546
83	411	430	-0.181	0.21196926686683462	-0.2915499999999999	0.21581764779250007	-0.2753999999999999	0.22981942898797042	-0.15039999999999998	-0.16890000000000002	0.2156437714804617	-0.22335000000000002	0.1855892631280161
84	416	435	-0.22015	0.13155819367961952	-0.43084999999999984	0.14020647240658146	-0.36915	0.20024136046794463	-0.14035000000000003	-0.1894	0.1766249908666422	-0.24435	0.2058324527058139
85	421	440	-0.40575	0.10429697024994859	-0.46340000000000003	0.14319161347664133	-0.6116	0.12332012051289312	-0.32575000000000004	-0.40219999999999995	0.12014659794130607	-0.43359999999999993	0.16436449823364213
86	426	445	-0.5066499999999999	0.08257926116081232	-0.37289999999999995	0.20856581592204773	-0.63255	0.11043739427147221	-0.2522	-0.49045000000000005	0.10179026456666918	-0.3589	0.16802551026693624
87	431	450	-0.6205	0.06033021696874883	-0.4051578947368421	0.2752506566978729	-0.7542000000000001	0.09344389669099373	-0.20345	-0.5562999999999999	0.07784681953181428	-0.26005	0.19705499730911274
88	436	455	-0.5360000000000001	0.06167852562188936	-0.5067142857142858	0.29073140011955795	-0.7311499999999999	0.07154248095218167	-0.36445	-0.6046499999999999	0.07321267544037288	-0.41095000000000004	0.1531971815759867
89	441	460	-0.4737	0.07103633665808395	-0.3728888888888889	0.40966917994308866	-0.6973999999999999	0.056562723681084226	-0.3877	-0.5096499999999999	0.07748153950738654	-0.4382999999999999	0.16455721862796985
90	446	465	-0.41150000000000003	0.0985160681273373	-0.594	0.758638621037405	-0.57175	0.06916420906377983	-0.3399499999999999	-0.36455	0.11549466202052742	-0.34730000000000005	0.2353144709926153
91	451	470	-0.11625	0.12933917047585958			-0.3547	0.09979021927595393	-0.21194736842105258	-0.17845	0.14413619481050216	-0.40484210526315795	0.29725646924373084
92	456	475	-0.15719999999999995	0.15985965991140932			-0.2352	0.10532514540894729	-0.29328571428571415	-0.12615	0.20394079737458584	-0.5074285714285715	0.2934755645921109
93	461	480	-0.21085000000000004	0.18046397522855268			-0.13915000000000002	0.17460261186715198	-0.12855555555555553	-0.08195	0.27284676247852113	-0.37577777777777777	0.4081778524517978
94	466	485	-0.22469999999999998	0.20883610673004668			-0.24165	0.16034957356903412	0.0705	-0.0713	0.25100233431133046	-0.6047499999999999	0.5902237360317848
95	471	490	-0.2977000000000001	0.2606769524306924			-0.3509	0.16020349140247453		-0.1809	0.2763925920628341		
96	476	495	-0.2623	0.27228130315611404			-0.20879999999999993	0.21498998375371897		-0.12355000000000002	0.2746122788487381		
97	481	500	-0.24579999999999996	0.3520318555790008			-0.279	0.22113446744622212		-0.21364999999999998	0.2776047831598364		
98	486	505	-0.11989999999999996	0.36559927259646996			-0.14515000000000003	0.3045734300457926		-0.1769	0.34828294868357906		
99	491	510	-0.08444999999999997	0.3494423996262719			-0.06255000000000001	0.35359603445459026		-0.1577	0.3434388971321328		
100	496	515	-0.08285000000000002	0.41033164753472445			-0.18499999999999997	0.3245301682288827		-0.11495000000000007	0.38192734616074253		
101	501	520	0.11299999999999996	0.3759481459606132			-0.022499999999999992	0.3757437636113402		0.12389999999999994	0.45261557782034406		
102	506	525	0.08935	0.3916882264932822			0.0596	0.3617549357940479		0.13075	0.46121903876051834		
103	511	530	0.08405000000000001	0.44174287992996814			0.23914999999999997	0.34794170103098954		0.29624999999999996	0.559121618022384		
104	516	535	-0.0038500000000000396	0.38179599848080464			0.17849999999999996	0.6168767818416885		0.21990000000000004	0.7122730699918585		
105	521	540	-0.12114999999999995				0.062449999999999964			0.11554999999999997			
106	526	545	-0.11935				-0.01770000000000002			0.07705000000000001			
107	531	550	0.04115000000000003				0.001100000000000012			0.13634999999999997			
108	536	555	0.20429999999999998				0.20099999999999998			0.41114999999999996			
109	541	560	0.16085000000000002				0.22589999999999993			0.3134000000000001			
110	546	565	0.0014210526315789427				0.07489999999999995			0.07004999999999999			
111	551	566	-0.27199999999999996				-0.25025			-0.202125			
112	556	566	-0.4136666666666666				-0.5466363636363636			-0.7160909090909091			
113	561	566	-0.47824999999999995				-0.6669999999999999			-0.7893333333333333			
114	566	566					-1.213			-1.22			
