,list_of_residues,chains,colors,name_of_selections
0,"[1, 2, 3, 4, 5, 6, 7, 8, 9, 10]",A,"[0.32941176470588235, 0.15294117647058825, 0.5333333333333333]",H3_IgM_live_A
1,[],B,"[0.32941176470588235, 0.15294117647058825, 0.5333333333333333]",H3_IgM_live_B
2,"[1, 2, 3, 4, 5, 141, 142, 143, 144, 145, 146, 147, 148, 149, 150, 151, 152, 153, 154, 155, 156, 157, 158, 159, 160, 231, 232, 233, 234, 235, 236, 237, 238, 239, 240, 241, 242, 243, 244, 245, 246, 247, 248, 249, 250]",A,"[0.32941176470588235, 0.15294117647058825, 0.5333333333333333]",H3_IgG_live_A
3,"[132, 133, 134, 135, 136, 137, 138, 139, 140, 141, 142, 143, 144, 145, 146, 147, 148, 149, 150, 151, 152, 153, 154, 155, 156, 157, 158, 159, 160, 161]",B,"[0.32941176470588235, 0.15294117647058825, 0.5333333333333333]",H3_IgG_live_B
4,"[141, 142, 143, 144, 145, 146, 147, 148, 149, 150, 151, 152, 153, 154, 155, 156, 157, 158, 159, 160, 211, 212, 213, 214, 215, 216, 217, 218, 219, 220, 221, 222, 223, 224, 225, 226, 227, 228, 229, 230, 261, 262, 263, 264, 265, 266, 267, 268, 269, 270, 271, 272, 273, 274, 275, 276, 277, 278, 279, 280, 311, 312, 313, 314, 315, 316, 317, 318, 319, 320, 321, 322, 323, 324, 325]",A,"[0.7019607843137254, 0.34509803921568627, 0.023529411764705882]",H3_IgM_dead_A
5,"[1, 2, 3, 4, 5, 6, 67, 68, 69, 70, 71, 72, 73, 74, 75, 76, 77, 78, 79, 80, 81, 82, 83, 84, 85, 86, 117, 118, 119, 120, 121, 122, 123, 124, 125, 126, 127, 128, 129, 130, 131, 132, 133, 134, 135, 136]",B,"[0.7019607843137254, 0.34509803921568627, 0.023529411764705882]",H3_IgM_dead_B
6,"[141, 142, 143, 144, 145, 146, 147, 148, 149, 150, 151, 152, 153, 154, 155, 156, 157, 158, 159, 160]",A,"[0.8941176470588236, 0.5098039215686274, 0.8509803921568627]",H3_diff_IgG_live__IgM_dead_A
7,"[132, 133, 134, 135, 136]",B,"[0.8941176470588236, 0.5098039215686274, 0.8509803921568627]",H3_diff_IgG_live__IgM_dead_B
8,[],A,"[0.32941176470588235, 0.15294117647058825, 0.5333333333333333]",H3_IgM_rapalive_A
9,"[21, 22, 23, 24, 25, 26, 27, 28, 29, 30, 31, 32, 33, 34, 35, 36, 37, 38, 39, 40]",B,"[0.32941176470588235, 0.15294117647058825, 0.5333333333333333]",H3_IgM_rapalive_B
10,"[1, 2, 3, 4, 230, 231, 232, 233, 234, 235, 236, 237, 238, 239, 240, 241, 242, 243, 244, 245, 246, 247, 248, 249]",A,"[0.32941176470588235, 0.15294117647058825, 0.5333333333333333]",H3_IgG_rapalive_A
11,"[91, 92, 93, 94, 95, 96, 97, 98, 99, 100, 101, 102, 103, 104, 105, 106, 107, 108, 109, 110, 131, 132, 133, 134, 135, 136, 137, 138, 139, 140, 141, 142, 143, 144, 145, 146, 147, 148, 149, 150, 151, 152, 153, 154, 155]",B,"[0.32941176470588235, 0.15294117647058825, 0.5333333333333333]",H3_IgG_rapalive_B
12,"[205, 206, 207, 208, 209, 210, 211, 212, 213, 214, 215, 216, 217, 218, 219, 220, 221, 222, 223, 224, 245, 246, 247, 248, 249, 250, 251, 252, 253, 254, 255, 256, 257, 258, 259, 260, 261, 262, 263, 264, 265, 266, 267, 268, 269, 270, 271, 272, 273, 274, 275, 276, 277, 278, 279, 315, 316, 317, 318, 319, 320, 321, 322, 323, 324, 325]",A,"[0.7019607843137254, 0.34509803921568627, 0.023529411764705882]",H3_IgM_rapadead_A
13,"[1, 2, 3, 4, 5, 46, 47, 48, 49, 50, 51, 52, 53, 54, 55, 56, 57, 58, 59, 60, 61, 62, 63, 64, 65, 66, 67, 68, 69, 70, 71, 72, 73, 74, 75, 76, 77, 78, 79, 80, 81, 82, 83, 84, 85, 86, 87, 88, 89, 90, 91, 92, 93, 94, 95]",B,"[0.7019607843137254, 0.34509803921568627, 0.023529411764705882]",H3_IgM_rapadead_B
14,"[245, 246, 247, 248, 249]",A,"[0.8941176470588236, 0.5098039215686274, 0.8509803921568627]",H3_diff_IgG_rapalive__IgM_rapadead_A
15,"[91, 92, 93, 94, 95]",B,"[0.8941176470588236, 0.5098039215686274, 0.8509803921568627]",H3_diff_IgG_rapalive__IgM_rapadead_B
16,"[320, 321, 322, 323, 324, 325]",A,"[0.32941176470588235, 0.15294117647058825, 0.5333333333333333]",H3_IgG_pbslive_A
17,"[1, 2, 3, 4, 5, 6, 7, 8, 9, 10]",B,"[0.32941176470588235, 0.15294117647058825, 0.5333333333333333]",H3_IgG_pbslive_B
